repere;x_cm;y_cm;fil_cm;bas_suspension_cm
A01;10.0;235.0;230;254
A02;30.0;235.0;415;439
A03;50.0;235.0;346;370
A04;70.0;235.0;245;269
A05;90.0;235.0;458;482
A06;110.0;235.0;365;389
A07;130.0;235.0;272;296
A08;150.0;235.0;475;499
A09;170.0;235.0;352;376
A10;190.0;235.0;170;194
A11;210.0;235.0;477;501
A12;230.0;235.0;233;257
A13;250.0;235.0;383;407
A14;270.0;235.0;164;188
A15;290.0;235.0;369;393
B01;20.0;225.0;142;166
B02;40.0;225.0;285;309
B03;60.0;225.0;130;154
B04;80.0;225.0;354;378
B05;100.0;225.0;275;299
B06;120.0;225.0;189;213
B07;140.0;225.0;346;370
B08;160.0;225.0;233;257
B09;180.0;225.0;440;464
B10;200.0;225.0;257;281
B11;220.0;225.0;379;403
B12;240.0;225.0;137;161
B13;260.0;225.0;266;290
B14;280.0;225.0;458;482
C01;10.0;215.0;348;372
C02;30.0;215.0;498;522
C03;50.0;215.0;199;223
C04;70.0;215.0;549;573
C05;90.0;215.0;169;193
C06;110.0;215.0;518;542
C07;130.0;215.0;415;439
C08;150.0;215.0;150;174
C09;170.0;215.0;536;560
C10;190.0;215.0;347;371
C11;210.0;215.0;136;160
C12;230.0;215.0;315;339
C13;250.0;215.0;463;487
C14;270.0;215.0;344;368
C15;290.0;215.0;268;292
D01;20.0;205.0;226;250
D02;40.0;205.0;375;399
D03;60.0;205.0;451;475
D04;80.0;205.0;250;274
D05;100.0;205.0;404;428
D06;120.0;205.0;108;132
D07;140.0;205.0;496;520
D08;160.0;205.0;312;336
D09;180.0;205.0;171;195
D10;200.0;205.0;552;576
D11;220.0;205.0;452;476
D12;240.0;205.0;220;244
D13;260.0;205.0;538;562
D14;280.0;205.0;121;145
E01;10.0;195.0;440;464
E02;30.0;195.0;131;155
E03;50.0;195.0;260;284
E04;70.0;195.0;331;355
E05;90.0;195.0;478;502
E06;110.0;195.0;298;322
E07;130.0;195.0;225;249
E08;150.0;195.0;600;624
E09;170.0;195.0;416;440
E10;190.0;195.0;474;498
E11;210.0;195.0;239;263
E12;230.0;195.0;558;582
E13;250.0;195.0;132;156
E14;270.0;195.0;407;431
E15;290.0;195.0;191;215
F01;20.0;185.0;320;344
F02;40.0;185.0;490;514
F03;60.0;185.0;103;127
F04;80.0;185.0;393;417
F05;100.0;185.0;178;202
F06;120.0;185.0;528;552
F07;140.0;185.0;405;429
F08;160.0;185.0;114;138
F09;180.0;185.0;251;275
F10;200.0;185.0;395;419
F11;220.0;185.0;106;130
F12;240.0;185.0;464;488
F13;260.0;185.0;326;350
F14;280.0;185.0;473;497
G01;10.0;175.0;200;224
G02;30.0;175.0;394;418
G03;50.0;175.0;573;597
G04;70.0;175.0;196;220
G05;90.0;175.0;547;571
G06;110.0;175.0;364;388
G07;130.0;175.0;133;157
G08;150.0;175.0;523;547
G09;170.0;175.0;353;377
G10;190.0;175.0;161;185
G11;210.0;175.0;521;545
G12;230.0;175.0;298;322
G13;250.0;175.0;200;224
G14;270.0;175.0;266;290
G15;290.0;175.0;346;370
H01;20.0;165.0;296;320
H02;40.0;165.0;165;189
H03;60.0;165.0;440;464
H04;80.0;165.0;287;311
H05;100.0;165.0;448;472
H06;120.0;165.0;261;285
H07;140.0;165.0;326;350
H08;160.0;165.0;199;223
H09;180.0;165.0;542;566
H10;200.0;165.0;318;342
H11;220.0;165.0;171;195
H12;240.0;165.0;382;406
H13;260.0;165.0;118;142
H14;280.0;165.0;547;571
I01;10.0;155.0;432;456
I02;30.0;155.0;513;537
I03;50.0;155.0;256;280
I04;70.0;155.0;129;153
I05;90.0;155.0;384;408
I06;110.0;155.0;182;206
I07;130.0;155.0;612;636
I08;150.0;155.0;448;472
I09;170.0;155.0;273;297
I10;190.0;155.0;420;444
I11;210.0;155.0;243;267
I12;230.0;155.0;452;476
I13;250.0;155.0;522;546
I14;270.0;155.0;435;459
I15;290.0;155.0;227;251
J01;20.0;145.0;221;245
J02;40.0;145.0;387;411
J03;60.0;145.0;324;348
J04;80.0;145.0;519;543
J05;100.0;145.0;599;623
J06;120.0;145.0;513;537
J07;140.0;145.0;153;177
J08;160.0;145.0;371;395
J09;180.0;145.0;606;630
J10;200.0;145.0;499;523
J11;220.0;145.0;583;607
J12;240.0;145.0;295;319
J13;260.0;145.0;219;243
J14;280.0;145.0;152;176
K01;10.0;135.0;323;347
K02;30.0;135.0;123;147
K03;50.0;135.0;459;483
K04;70.0;135.0;206;230
K05;90.0;135.0;298;322
K06;110.0;135.0;352;376
K07;130.0;135.0;265;289
K08;150.0;135.0;535;559
K09;170.0;135.0;194;218
K10;190.0;135.0;122;146
K11;210.0;135.0;326;350
K12;230.0;135.0;211;235
K13;250.0;135.0;121;145
K14;270.0;135.0;319;343
K15;290.0;135.0;388;412
L01;20.0;125.0;484;508
L02;40.0;125.0;555;579
L03;60.0;125.0;127;151
L04;80.0;125.0;425;449
L05;100.0;125.0;204;228
L06;120.0;125.0;437;461
L07;140.0;125.0;354;378
L08;160.0;125.0;444;468
L09;180.0;125.0;291;315
L10;200.0;125.0;215;239
L11;220.0;125.0;134;158
L12;240.0;125.0;495;519
L13;260.0;125.0;413;437
L14;280.0;125.0;489;513
M01;10.0;115.0;400;424
M02;30.0;115.0;217;241
M03;50.0;115.0;325;349
M04;70.0;115.0;534;558
M05;90.0;115.0;117;141
M06;110.0;115.0;539;563
M07;130.0;115.0;171;195
M08;150.0;115.0;102;126
M09;170.0;115.0;619;643
M10;190.0;115.0;444;468
M11;210.0;115.0;530;554
M12;230.0;115.0;382;406
M13;250.0;115.0;270;294
M14;270.0;115.0;153;177
M15;290.0;115.0;218;242
N01;20.0;105.0;316;340
N02;40.0;105.0;399;423
N03;60.0;105.0;250;274
N04;80.0;105.0;190;214
N05;100.0;105.0;338;362
N06;120.0;105.0;626;650
N07;140.0;105.0;497;521
N08;160.0;105.0;319;343
N09;180.0;105.0;522;546
N10;200.0;105.0;362;386
N11;220.0;105.0;288;312
N12;240.0;105.0;574;598
N13;260.0;105.0;343;367
N14;280.0;105.0;285;309
O01;10.0;95.0;231;255
O02;30.0;95.0;101;125
O03;50.0;95.0;551;575
O04;70.0;95.0;356;380
O05;90.0;95.0;456;480
O06;110.0;95.0;235;259
O07;130.0;95.0;322;346
O08;150.0;95.0;232;256
O09;170.0;95.0;413;437
O10;190.0;95.0;198;222
O11;210.0;95.0;597;621
O12;230.0;95.0;455;479
O13;250.0;95.0;208;232
O14;270.0;95.0;412;436
O15;290.0;95.0;478;502
P01;20.0;85.0;447;471
P02;40.0;85.0;187;211
P03;60.0;85.0;440;464
P04;80.0;85.0;542;566
P05;100.0;85.0;150;174
P06;120.0;85.0;410;434
P07;140.0;85.0;566;590
P08;160.0;85.0;144;168
P09;180.0;85.0;608;632
P10;200.0;85.0;454;478
P11;220.0;85.0;211;235
P12;240.0;85.0;112;136
P13;260.0;85.0;495;519
P14;280.0;85.0;175;199
Q01;10.0;75.0;157;181
Q02;30.0;75.0;343;367
Q03;50.0;75.0;276;300
Q04;70.0;75.0;163;187
Q05;90.0;75.0;388;412
Q06;110.0;75.0;510;534
Q07;130.0;75.0;136;160
Q08;150.0;75.0;382;406
Q09;170.0;75.0;518;542
Q10;190.0;75.0;288;312
Q11;210.0;75.0;129;153
Q12;230.0;75.0;397;421
Q13;250.0;75.0;585;609
Q14;270.0;75.0;338;362
Q15;290.0;75.0;257;281
R01;20.0;65.0;246;270
R02;40.0;65.0;504;528
R03;60.0;65.0;363;387
R04;80.0;65.0;262;286
R05;100.0;65.0;318;342
R06;120.0;65.0;239;263
R07;140.0;65.0;475;499
R08;160.0;65.0;244;268
R09;180.0;65.0;373;397
R10;200.0;65.0;540;564
R11;220.0;65.0;324;348
R12;240.0;65.0;270;294
R13;260.0;65.0;144;168
R14;280.0;65.0;422;446
S01;10.0;55.0;476;500
S02;30.0;55.0;414;438
S03;50.0;55.0;207;231
S04;70.0;55.0;464;488
S05;90.0;55.0;561;585
S06;110.0;55.0;177;201
S07;130.0;55.0;310;334
S08;150.0;55.0;570;594
S09;170.0;55.0;457;481
S10;190.0;55.0;205;229
S11;210.0;55.0;462;486
S12;230.0;55.0;193;217
S13;250.0;55.0;398;422
S14;270.0;55.0;498;522
S15;290.0;55.0;148;172
T01;20.0;45.0;148;172
T02;40.0;45.0;289;313
T03;60.0;45.0;562;586
T04;80.0;45.0;182;206
T05;100.0;45.0;444;468
T06;120.0;45.0;547;571
T07;140.0;45.0;384;408
T08;160.0;45.0;165;189
T09;180.0;45.0;285;309
T10;200.0;45.0;105;129
T11;220.0;45.0;569;593
T12;240.0;45.0;481;505
T13;260.0;45.0;213;237
T14;280.0;45.0;359;383
U01;10.0;35.0;259;283
U02;30.0;35.0;341;365
U03;50.0;35.0;419;443
U04;70.0;35.0;348;372
U05;90.0;35.0;254;278
U06;110.0;35.0;364;388
U07;130.0;35.0;117;141
U08;150.0;35.0;247;271
U09;170.0;35.0;380;404
U10;190.0;35.0;547;571
U11;210.0;35.0;322;346
U12;230.0;35.0;405;429
U13;250.0;35.0;110;134
U14;270.0;35.0;294;318
U15;290.0;35.0;228;252
V01;20.0;25.0;465;489
V02;40.0;25.0;203;227
V03;60.0;25.0;113;137
V04;80.0;25.0;496;520
V05;100.0;25.0;108;132
V06;120.0;25.0;190;214
V07;140.0;25.0;484;508
V08;160.0;25.0;578;602
V09;180.0;25.0;447;471
V10;200.0;25.0;229;253
V11;220.0;25.0;165;189
V12;240.0;25.0;333;357
V13;260.0;25.0;511;535
V14;280.0;25.0;134;158
W01;10.0;15.0;360;384
W02;30.0;15.0;134;158
W03;50.0;15.0;491;515
W04;70.0;15.0;191;215
W05;90.0;15.0;321;345
W06;110.0;15.0;480;504
W07;130.0;15.0;282;306
W08;150.0;15.0;164;188
W09;170.0;15.0;326;350
W10;190.0;15.0;149;173
W11;210.0;15.0;471;495
W12;230.0;15.0;254;278
W13;250.0;15.0;187;211
W14;270.0;15.0;407;431
W15;290.0;15.0;336;360
X01;20.0;5.0;255;279
X02;40.0;5.0;373;397
X03;60.0;5.0;284;308
X04;80.0;5.0;412;436
X05;100.0;5.0;205;229
X06;120.0;5.0;346;370
X07;140.0;5.0;413;437
X08;160.0;5.0;255;279
X09;180.0;5.0;515;539
X10;200.0;5.0;306;330
X11;220.0;5.0;378;402
X12;240.0;5.0;449;473
X13;260.0;5.0;295;319
X14;280.0;5.0;207;231
